{
    "waypoints": {
        "wpA": {
            "x": 0.0252,
            "y": 0.005
        },
        "wpB": {
            "x": 0.7482,
            "y": 0.9356
        },
        "wpC": {
            "x": 0.6113,
            "y": 0.6602
        },
        "wpD": {
            "x": 0.9254,
            "y": 0.9973
        },
        "wpE": {
            "x": 0.0282,
            "y": 0.7361
        },
        "wpF": {
            "x": 0.4473,
            "y": 0.1004
        },
        "wpG": {
            "x": 0.2424,
            "y": 0.0713
        },
        "wpH": {
            "x": 0.69,
            "y": 0.4793
        },
        "wpI": {
            "x": 0.4442,
            "y": 0.3841
        },
        "wpJ": {
            "x": 0.5375,
            "y": 0.8532
        },
        "wpK": {
            "x": 0.2075,
            "y": 0.4009
        },
        "wpL": {
            "x": 0.6481,
            "y": 0.2758
        },
        "wpM": {
            "x": 0.2074,
            "y": 0.8284
        },
        "wpN": {
            "x": 0.3742,
            "y": 0.9306
        }
    },
    "airways": {
        "wpF - wpB": {
            "start": "wpF",
            "end": "wpB"
        },
        "wpK - wpC": {
            "start": "wpK",
            "end": "wpC"
        },
        "wpM - wpH": {
            "start": "wpM",
            "end": "wpH"
        },
        "wpE - wpF": {
            "start": "wpE",
            "end": "wpF"
        },
        "wpH - wpB": {
            "start": "wpH",
            "end": "wpB"
        },
        "wpG - wpH": {
            "start": "wpG",
            "end": "wpH"
        },
        "wpK - wpH": {
            "start": "wpK",
            "end": "wpH"
        },
        "wpL - wpE": {
            "start": "wpL",
            "end": "wpE"
        },
        "wpJ - wpM": {
            "start": "wpJ",
            "end": "wpM"
        }
    },
    "aircraft": {
        "0": {
            "x": 0.5375,
            "y": 0.8532,
            "dir_x": -0.9971897265478779,
            "dir_y": -0.07491761653555683
        },
        "1": {
            "x": 0.0282,
            "y": 0.7361,
            "dir_x": 0.5504194840099882,
            "dir_y": -0.8348882509786435
        },
        "2": {
            "x": 0.4473,
            "y": 0.1004,
            "dir_x": 0.3389468212522851,
            "dir_y": 0.9408055337650664
        },
        "3": {
            "x": 0.2075,
            "y": 0.4009,
            "dir_x": 0.9870547587667953,
            "dir_y": 0.1603836126162006
        },
        "4": {
            "x": 0.5375,
            "y": 0.8532,
            "dir_x": -0.9971897265478779,
            "dir_y": -0.07491761653555683
        },
        "5": {
            "x": 0.2424,
            "y": 0.0713,
            "dir_x": 0.739042878551174,
            "dir_y": 0.6736583879554939
        },
        "6": {
            "x": 0.69,
            "y": 0.4793,
            "dir_x": 0.12652265696116677,
            "dir_y": 0.9919637177213121
        },
        "7": {
            "x": 0.69,
            "y": 0.4793,
            "dir_x": 0.12652265696116677,
            "dir_y": 0.9919637177213121
        }
    }
}